<?xml version="1.0" encoding="UTF-8" standalone="yes"?>
<ns3:FileMetadati xmlns:ns2="http://www.w3.org/2000/09/xmldsig#" xmlns:ns3="http://ivaservizi.agenziaentrate.gov.it/docs/xsd/fattura/messaggi/v1.0" versione="1.0">
    <IdentificativoSdI>16600316566</IdentificativoSdI>
    <NomeFile>IT01378570350_o7Nt2.xml</NomeFile>
    <Hash>a5461a9d55288bb365506b9c66c50e61c47651eca072eba8117acf7d3cc5abfc</Hash>
    <CodiceDestinatario>SUBM70N</CodiceDestinatario>
    <Formato>FPR12</Formato>
    <TentativiInvio>1</TentativiInvio>
    <MessageId>40025314550</MessageId>
</ns3:FileMetadati>
