<?xml version="1.0" encoding="UTF-8" standalone="yes"?>
<ns3:FileMetadati xmlns:ns2="http://www.w3.org/2000/09/xmldsig#" xmlns:ns3="http://ivaservizi.agenziaentrate.gov.it/docs/xsd/fattura/messaggi/v1.0" versione="1.0">
    <IdentificativoSdI>16600316417</IdentificativoSdI>
    <NomeFile>IT01378570350_o7Nsz.xml</NomeFile>
    <Hash>4650b48db627ed4cbf7e6ba000a0acd487b2c9d07414c474a7a5fb617528fd3c</Hash>
    <CodiceDestinatario>SUBM70N</CodiceDestinatario>
    <Formato>FPR12</Formato>
    <TentativiInvio>1</TentativiInvio>
    <MessageId>40022215891</MessageId>
</ns3:FileMetadati>
