<?xml version="1.0" encoding="UTF-8" standalone="yes"?>
<ns3:FileMetadati xmlns:ns2="http://www.w3.org/2000/09/xmldsig#" xmlns:ns3="http://ivaservizi.agenziaentrate.gov.it/docs/xsd/fattura/messaggi/v1.0" versione="1.0">
    <IdentificativoSdI>16596540495</IdentificativoSdI>
    <NomeFile>IT0164179070220264_01fl4.xml</NomeFile>
    <Hash>8eb4a4ad04f9456b942fb06d3cc8464cd84a9cdf7b8da9c06ae73cd65ab23a62</Hash>
    <CodiceDestinatario>SUBM70N</CodiceDestinatario>
    <Formato>FPR12</Formato>
    <TentativiInvio>1</TentativiInvio>
    <MessageId>40019797227</MessageId>
</ns3:FileMetadati>
