<?xml version="1.0" encoding="UTF-8" standalone="yes"?>
<ns3:FileMetadati xmlns:ns2="http://www.w3.org/2000/09/xmldsig#" xmlns:ns3="http://ivaservizi.agenziaentrate.gov.it/docs/xsd/fattura/messaggi/v1.0" versione="1.0">
    <IdentificativoSdI>16600313152</IdentificativoSdI>
    <NomeFile>IT01378570350_o7NPS.xml</NomeFile>
    <Hash>a17ef23c980bac2a70e86f9e3b2549db05b3a398055651fb17bca05a4351b582</Hash>
    <CodiceDestinatario>SUBM70N</CodiceDestinatario>
    <Formato>FPR12</Formato>
    <TentativiInvio>1</TentativiInvio>
    <MessageId>40022356637</MessageId>
</ns3:FileMetadati>
