<?xml version="1.0" encoding="UTF-8" standalone="yes"?>
<ns3:FileMetadati xmlns:ns2="http://www.w3.org/2000/09/xmldsig#" xmlns:ns3="http://ivaservizi.agenziaentrate.gov.it/docs/xsd/fattura/messaggi/v1.0" versione="1.0">
    <IdentificativoSdI>16600328886</IdentificativoSdI>
    <NomeFile>IT01378570350_o7MYc.xml</NomeFile>
    <Hash>62e31a461da7d465904933836f456621745e88f9972636fa87b37c3275e5e696</Hash>
    <CodiceDestinatario>SUBM70N</CodiceDestinatario>
    <Formato>FPR12</Formato>
    <TentativiInvio>1</TentativiInvio>
    <MessageId>40026780640</MessageId>
</ns3:FileMetadati>
