<?xml version="1.0" encoding="UTF-8" standalone="yes"?>
<ns3:FileMetadati xmlns:ns2="http://www.w3.org/2000/09/xmldsig#" xmlns:ns3="http://ivaservizi.agenziaentrate.gov.it/docs/xsd/fattura/messaggi/v1.0" versione="1.0">
    <IdentificativoSdI>16584911834</IdentificativoSdI>
    <NomeFile>IT02233200969_30kau.xml</NomeFile>
    <Hash>ae724707fc3d0260ea389697f636106e961fe7ae9120721570b4024d420a0bf1</Hash>
    <CodiceDestinatario>SUBM70N</CodiceDestinatario>
    <Formato>FPR12</Formato>
    <TentativiInvio>1</TentativiInvio>
    <MessageId>39989652670</MessageId>
</ns3:FileMetadati>
