<?xml version="1.0" encoding="UTF-8" standalone="yes"?>
<ns3:FileMetadati xmlns:ns2="http://www.w3.org/2000/09/xmldsig#" xmlns:ns3="http://ivaservizi.agenziaentrate.gov.it/docs/xsd/fattura/messaggi/v1.0" versione="1.0">
    <IdentificativoSdI>16587040219</IdentificativoSdI>
    <NomeFile>IT03301640482_ZJ5CL.xml.p7m</NomeFile>
    <Hash>0cf2310ecf5e7c886f4923a9cfaa5e276551820b7b8e7b59867e3e38cf14dde1</Hash>
    <CodiceDestinatario>SUBM70N</CodiceDestinatario>
    <Formato>FPR12</Formato>
    <TentativiInvio>1</TentativiInvio>
    <MessageId>39993614518</MessageId>
</ns3:FileMetadati>
