<?xml version="1.0" encoding="UTF-8" standalone="yes"?>
<ns3:FileMetadati xmlns:ns2="http://www.w3.org/2000/09/xmldsig#" xmlns:ns3="http://ivaservizi.agenziaentrate.gov.it/docs/xsd/fattura/messaggi/v1.0" versione="1.0">
    <IdentificativoSdI>16600101388</IdentificativoSdI>
    <NomeFile>IT05779711000_5I8Eq.xml.p7m</NomeFile>
    <Hash>814375309b6f679b5e20b7ec881be833674ccdfdd2f2c3a0bd44ac4ca5365055</Hash>
    <CodiceDestinatario>SUBM70N</CodiceDestinatario>
    <Formato>FPR12</Formato>
    <TentativiInvio>1</TentativiInvio>
    <MessageId>40026611709</MessageId>
</ns3:FileMetadati>
