<?xml version="1.0" encoding="UTF-8" standalone="yes"?>
<ns3:FileMetadati xmlns:ns2="http://www.w3.org/2000/09/xmldsig#" xmlns:ns3="http://ivaservizi.agenziaentrate.gov.it/docs/xsd/fattura/messaggi/v1.0" versione="1.0">
    <IdentificativoSdI>16589850113</IdentificativoSdI>
    <NomeFile>IT06628860964_fU5aE.xml.p7m</NomeFile>
    <Hash>0465bdd281b1d70d181e9295612f86210a543e0fee80025f1e9c1b824ba0a159</Hash>
    <CodiceDestinatario>SUBM70N</CodiceDestinatario>
    <Formato>FPR12</Formato>
    <TentativiInvio>1</TentativiInvio>
    <MessageId>39998737137</MessageId>
</ns3:FileMetadati>
