<?xml version="1.0" encoding="UTF-8" standalone="yes"?>
<ns3:FileMetadati xmlns:ns2="http://www.w3.org/2000/09/xmldsig#" xmlns:ns3="http://ivaservizi.agenziaentrate.gov.it/docs/xsd/fattura/messaggi/v1.0" versione="1.0">
    <IdentificativoSdI>16599648638</IdentificativoSdI>
    <NomeFile>IT06628860964_fUGpX.xml.p7m</NomeFile>
    <Hash>f12741c8ab56a440350a53dcf025279e2ca62c101665c94a4a6b7875a6e5492f</Hash>
    <CodiceDestinatario>SUBM70N</CodiceDestinatario>
    <Formato>FPR12</Formato>
    <TentativiInvio>1</TentativiInvio>
    <MessageId>40020241553</MessageId>
</ns3:FileMetadati>
