<?xml version="1.0" encoding="UTF-8" standalone="yes"?>
<ns3:FileMetadati xmlns:ns2="http://www.w3.org/2000/09/xmldsig#" xmlns:ns3="http://ivaservizi.agenziaentrate.gov.it/docs/xsd/fattura/messaggi/v1.0" versione="1.0">
    <IdentificativoSdI>16599648605</IdentificativoSdI>
    <NomeFile>IT06628860964_fUGq8.xml.p7m</NomeFile>
    <Hash>f238e4e59a6e8082fbf95be9eac648c716a1dd7e53a37744217757cc9d0f4c58</Hash>
    <CodiceDestinatario>SUBM70N</CodiceDestinatario>
    <Formato>FPR12</Formato>
    <TentativiInvio>1</TentativiInvio>
    <MessageId>40020395394</MessageId>
</ns3:FileMetadati>
